<?xml version="1.0" encoding="UTF-8"?>
<beans xmlns="http://www.springframework.org/schema/beans" xmlns:context="http://www.springframework.org/schema/context" xmlns:xsi="http://www.w3.org/2001/XMLSchema-instance" xmlns:amq="http://activemq.apache.org/schema/core"
	xmlns:jms="http://www.springframework.org/schema/jms"
	xsi:schemaLocation="http://www.springframework.org/schema/beans   
		http://www.springframework.org/schema/beans/spring-beans.xsd
		http://www.springframework.org/schema/context   
		http://www.springframework.org/schema/context/spring-context.xsd">
	
    <!-- 真正可以产生Connection的ConnectionFactory，由对应的 JMS服务厂商提供-->  
	<bean id="targetConnectionFactory" class="org.apache.activemq.ActiveMQConnectionFactory">  
	    <property name="brokerURL" value="tcp://192.168.25.135:61616"/>  
	</bean>
	   
    <!-- Spring用于管理真正的ConnectionFactory的ConnectionFactory -->  
	<bean id="connectionFactory" class="org.springframework.jms.connection.SingleConnectionFactory">  
	<!-- 目标ConnectionFactory对应真实的可以产生JMS Connection的ConnectionFactory -->  
	    <property name="targetConnectionFactory" ref="targetConnectionFactory"/>  
	</bean>  
	
    <!--这个是队列目的地，点对点的  文本信息-->  
	<bean id="queueTextDestination" class="org.apache.activemq.command.ActiveMQQueue">  
	    <constructor-arg value="queue_text"/>  
	</bean>    
	
	<!-- 我的监听类 -->
	<bean id="myMessageListener" class="cn.itcast.demo.MyMessageListener"></bean>
	
	
	<!-- 消息监听容器 -->
	<bean class="org.springframework.jms.listener.DefaultMessageListenerContainer">
		<property name="connectionFactory" ref="connectionFactory" />
		<property name="destination" ref="queueTextDestination" />
		<property name="messageListener" ref="myMessageListener" />
	</bean>
	
</beans>